Кампания;Группа объявлений;Ключевая фраза;Тип соответствия;Регион;Реком. ставка CPC, ₽;Посадочная
Космос Детейлинг — Поиск СПб;Детейлинг общий;"""детейлинг спб""";фразовое;Санкт-Петербург;135;index.html
Космос Детейлинг — Поиск СПб;Детейлинг общий;"""детейлинг санкт петербург""";фразовое;Санкт-Петербург;175;index.html
Космос Детейлинг — Поиск СПб;Детейлинг общий;"""детейлинг автомобиля в спб""";фразовое;Санкт-Петербург;136;index.html
Космос Детейлинг — Поиск СПб;Детейлинг общий;"""детейлинг центр""";фразовое;Санкт-Петербург;105;index.html
Космос Детейлинг — Поиск СПб;Детейлинг общий;"""детейлинг авто""";фразовое;Санкт-Петербург;168;index.html
Космос Детейлинг — Поиск СПб;Детейлинг общий;"""детейлинг студия""";фразовое;Санкт-Петербург;203;index.html
Космос Детейлинг — Поиск СПб;Детейлинг общий;"""детейлинг салона""";фразовое;Санкт-Петербург;55;index.html
Космос Детейлинг — Поиск СПб;Детейлинг общий;"""детейлинг центр спб""";фразовое;Санкт-Петербург;92;index.html
Космос Детейлинг — Поиск СПб;Детейлинг общий;"""детейлинг авто спб""";фразовое;Санкт-Петербург;86;index.html
Космос Детейлинг — Поиск СПб;Детейлинг общий;"""детейлинг цена""";фразовое;Санкт-Петербург;83;index.html
Космос Детейлинг — Поиск СПб;Детейлинг общий;"""детейлинг спб цены""";фразовое;Санкт-Петербург;55;index.html
Космос Детейлинг — Поиск СПб;Детейлинг общий;"""выездной детейлинг спб""";фразовое;Санкт-Петербург;80;index.html
Космос Детейлинг — Поиск СПб;Детейлинг общий;"""детейлинг стоимость""";фразовое;Санкт-Петербург;175;index.html
Космос Детейлинг — Поиск СПб;Детейлинг общий;"""детейлинг студия спб""";фразовое;Санкт-Петербург;122;index.html
Космос Детейлинг — Поиск СПб;Детейлинг общий;"""детейлинг салона спб""";фразовое;Санкт-Петербург;65;index.html
Космос Детейлинг — Поиск СПб;Детейлинг общий;"""сколько стоит детейлинг""";фразовое;Санкт-Петербург;80;index.html
Космос Детейлинг — Поиск СПб;Детейлинг общий;"""детейлинг автомобиля цена""";фразовое;Санкт-Петербург;58;index.html
Космос Детейлинг — Поиск СПб;Детейлинг общий;"""детейлинг салона автомобиля спб""";фразовое;Санкт-Петербург;45;index.html
Космос Детейлинг — Поиск СПб;Детейлинг общий;"""детейлинг спб пленка""";фразовое;Санкт-Петербург;231;index.html
Космос Детейлинг — Поиск СПб;Детейлинг общий;"""сколько стоит детейлинг автомобиля""";фразовое;Санкт-Петербург;72;index.html
Космос Детейлинг — Поиск СПб;Детейлинг общий;"""детейлинг автомобиля в спб цена""";фразовое;Санкт-Петербург;54;index.html
Космос Детейлинг — Поиск СПб;Детейлинг общий;"""детейлинг химчистка спб""";фразовое;Санкт-Петербург;88;index.html
Космос Детейлинг — Поиск СПб;Детейлинг общий;"""детейлинг двигателя в спб""";фразовое;Санкт-Петербург;28;index.html
Космос Детейлинг — Поиск СПб;Детейлинг общий;"""детейлинг петербург""";фразовое;Санкт-Петербург;188;index.html
Космос Детейлинг — Поиск СПб;Детейлинг общий;"""детейлинг центр петербург""";фразовое;Санкт-Петербург;170;index.html
Космос Детейлинг — Поиск СПб;Детейлинг общий;"""детейлинг центр санкт петербург""";фразовое;Санкт-Петербург;175;index.html
Космос Детейлинг — Поиск СПб;Детейлинг общий;"""детейлинг недорого""";фразовое;Санкт-Петербург;114;index.html
Космос Детейлинг — Поиск СПб;Детейлинг общий;"""детейлинг авто цена""";фразовое;Санкт-Петербург;14;index.html
Космос Детейлинг — Поиск СПб;Детейлинг · Васильевский остров;"""детейлинг рядом""";фразовое;Санкт-Петербург;69;index.html
Космос Детейлинг — Поиск СПб;Детейлинг · Васильевский остров;"""васильевская детейлинг""";фразовое;Санкт-Петербург;61;index.html
Космос Детейлинг — Поиск СПб;Детейлинг · Васильевский остров;"""детейлинг васильевский остров""";фразовое;Санкт-Петербург;59;index.html
Космос Детейлинг — Поиск СПб;Детейлинг · Васильевский остров;"""детейлинг рядом со мной""";фразовое;Санкт-Петербург;55;index.html
Космос Детейлинг — Поиск СПб;Детейлинг · Васильевский остров;"""детейлинг автомобиля рядом""";фразовое;Санкт-Петербург;58;index.html
Космос Детейлинг — Поиск СПб;Детейлинг · Васильевский остров;"""детейлинг автомобиля рядом со мной""";фразовое;Санкт-Петербург;57;index.html
Космос Детейлинг — Поиск СПб;Детейлинг · Васильевский остров;"""детейлинг василеостровский""";фразовое;Санкт-Петербург;31;index.html
Космос Детейлинг — Поиск СПб;Детейлинг · Васильевский остров;"""детейлинг василеостровский район""";фразовое;Санкт-Петербург;0;index.html
Космос Детейлинг — Поиск СПб;Детейлинг · Васильевский остров;"""детейлинг намыв""";фразовое;Санкт-Петербург;0;index.html
Космос Детейлинг — Поиск СПб;Детейлинг · Васильевский остров;"""детейлинг василеостровский остров""";фразовое;Санкт-Петербург;0;index.html
Космос Детейлинг — Поиск СПб;Детейлинг-мойка;"""детейлинг мойка""";фразовое;Санкт-Петербург;61;index.html
Космос Детейлинг — Поиск СПб;Детейлинг-мойка;"""детейлинг мойка спб""";фразовое;Санкт-Петербург;76;index.html
Космос Детейлинг — Поиск СПб;Детейлинг-мойка;"""детейлинг мойка цена""";фразовое;Санкт-Петербург;31;index.html
Космос Детейлинг — Поиск СПб;Детейлинг-мойка;"""сколько стоит детейлинг мойка""";фразовое;Санкт-Петербург;20;index.html
Космос Детейлинг — Поиск СПб;Оклейка / PPF;"""оклейка авто пленкой""";фразовое;Санкт-Петербург;307;zashchita-kuzova.html
Космос Детейлинг — Поиск СПб;Оклейка / PPF;"""оклейка авто пленкой в спб цена""";фразовое;Санкт-Петербург;299;zashchita-kuzova.html
Космос Детейлинг — Поиск СПб;Оклейка / PPF;"""оклейка авто""";фразовое;Санкт-Петербург;336;zashchita-kuzova.html
Космос Детейлинг — Поиск СПб;Оклейка / PPF;"""оклейка авто пленкой в спб""";фразовое;Санкт-Петербург;340;zashchita-kuzova.html
Космос Детейлинг — Поиск СПб;Оклейка / PPF;"""оклейка авто спб""";фразовое;Санкт-Петербург;367;zashchita-kuzova.html
Космос Детейлинг — Поиск СПб;Оклейка / PPF;"""оклейка авто пленкой цена""";фразовое;Санкт-Петербург;288;zashchita-kuzova.html
Космос Детейлинг — Поиск СПб;Оклейка / PPF;"""оклейка бронепленкой авто в спб""";фразовое;Санкт-Петербург;423;zashchita-kuzova.html
Космос Детейлинг — Поиск СПб;Оклейка / PPF;"""бронирование авто""";фразовое;Санкт-Петербург;345;zashchita-kuzova.html
Космос Детейлинг — Поиск СПб;Оклейка / PPF;"""оклейка авто бронепленкой""";фразовое;Санкт-Петербург;384;zashchita-kuzova.html
Космос Детейлинг — Поиск СПб;Оклейка / PPF;"""оклейка авто бронепленкой цены в спб""";фразовое;Санкт-Петербург;308;zashchita-kuzova.html
Космос Детейлинг — Поиск СПб;Оклейка / PPF;"""оклейка авто полиуретановой пленкой""";фразовое;Санкт-Петербург;400;zashchita-kuzova.html
Космос Детейлинг — Поиск СПб;Оклейка / PPF;"""оклейка авто полиуретановой пленкой в спб""";фразовое;Санкт-Петербург;475;zashchita-kuzova.html
Космос Детейлинг — Поиск СПб;Оклейка / PPF;"""стоимость оклейки авто пленкой""";фразовое;Санкт-Петербург;220;zashchita-kuzova.html
Космос Детейлинг — Поиск СПб;Оклейка / PPF;"""оклейка авто спб цена""";фразовое;Санкт-Петербург;303;zashchita-kuzova.html
Космос Детейлинг — Поиск СПб;Оклейка / PPF;"""оклейка авто санкт петербург""";фразовое;Санкт-Петербург;306;zashchita-kuzova.html
Космос Детейлинг — Поиск СПб;Оклейка / PPF;"""оклейка авто пленкой в спб цена полиуретановой""";фразовое;Санкт-Петербург;549;zashchita-kuzova.html
Космос Детейлинг — Поиск СПб;Оклейка / PPF;"""оклейка капота пленкой цена""";фразовое;Санкт-Петербург;204;zashchita-kuzova.html
Космос Детейлинг — Поиск СПб;Оклейка / PPF;"""оклейка капота""";фразовое;Санкт-Петербург;288;zashchita-kuzova.html
Космос Детейлинг — Поиск СПб;Оклейка / PPF;"""защитная оклейка авто""";фразовое;Санкт-Петербург;477;zashchita-kuzova.html
Космос Детейлинг — Поиск СПб;Оклейка / PPF;"""оклейка капота пленкой""";фразовое;Санкт-Петербург;246;zashchita-kuzova.html
Космос Детейлинг — Поиск СПб;Оклейка / PPF;"""оклейка авто цена""";фразовое;Санкт-Петербург;287;zashchita-kuzova.html
Космос Детейлинг — Поиск СПб;Оклейка / PPF;"""оклейка авто полиуретановой пленкой цена""";фразовое;Санкт-Петербург;333;zashchita-kuzova.html
Космос Детейлинг — Поиск СПб;Оклейка / PPF;"""оклейка авто защитной пленкой в спб""";фразовое;Санкт-Петербург;425;zashchita-kuzova.html
Космос Детейлинг — Поиск СПб;Оклейка / PPF;"""оклейка капота цена""";фразовое;Санкт-Петербург;205;zashchita-kuzova.html
Космос Детейлинг — Поиск СПб;Оклейка / PPF;"""стоимость оклейки авто""";фразовое;Санкт-Петербург;199;zashchita-kuzova.html
Космос Детейлинг — Поиск СПб;Оклейка / PPF;"""оклейка капота спб""";фразовое;Санкт-Петербург;301;zashchita-kuzova.html
Космос Детейлинг — Поиск СПб;Оклейка / PPF;"""оклейка авто защитной пленкой цена""";фразовое;Санкт-Петербург;102;zashchita-kuzova.html
Космос Детейлинг — Поиск СПб;Оклейка / PPF;"""сколько стоит оклейка авто пленкой""";фразовое;Санкт-Петербург;199;zashchita-kuzova.html
Космос Детейлинг — Поиск СПб;Оклейка / PPF;"""оклейка бронепленкой авто цена""";фразовое;Санкт-Петербург;275;zashchita-kuzova.html
Космос Детейлинг — Поиск СПб;Оклейка / PPF;"""оклейка авто защитной пленкой""";фразовое;Санкт-Петербург;477;zashchita-kuzova.html
Космос Детейлинг — Поиск СПб;Оклейка / PPF;"""полиуретановая оклейка авто цена""";фразовое;Санкт-Петербург;333;zashchita-kuzova.html
Космос Детейлинг — Поиск СПб;Полировка кузова;"""полировка авто""";фразовое;Санкт-Петербург;81;polirovka-keramika.html
Космос Детейлинг — Поиск СПб;Полировка кузова;"""полировка кузова автомобиля в спб цена""";фразовое;Санкт-Петербург;109;polirovka-keramika.html
Космос Детейлинг — Поиск СПб;Полировка кузова;"""полировка кузова автомобиля""";фразовое;Санкт-Петербург;103;polirovka-keramika.html
Космос Детейлинг — Поиск СПб;Полировка кузова;"""полировка кузова""";фразовое;Санкт-Петербург;108;polirovka-keramika.html
Космос Детейлинг — Поиск СПб;Полировка кузова;"""полировка авто спб""";фразовое;Санкт-Петербург;114;polirovka-keramika.html
Космос Детейлинг — Поиск СПб;Полировка кузова;"""полировка кузова автомобиля в спб""";фразовое;Санкт-Петербург;124;polirovka-keramika.html
Космос Детейлинг — Поиск СПб;Полировка кузова;"""полировка авто цена""";фразовое;Санкт-Петербург;57;polirovka-keramika.html
Космос Детейлинг — Поиск СПб;Полировка кузова;"""полировка кузова спб""";фразовое;Санкт-Петербург;103;polirovka-keramika.html
Космос Детейлинг — Поиск СПб;Полировка кузова;"""полировка кузова цена спб""";фразовое;Санкт-Петербург;103;polirovka-keramika.html
Космос Детейлинг — Поиск СПб;Полировка кузова;"""полировка кузова цена""";фразовое;Санкт-Петербург;97;polirovka-keramika.html
Космос Детейлинг — Поиск СПб;Полировка кузова;"""полировка кузова автомобиля цена""";фразовое;Санкт-Петербург;105;polirovka-keramika.html
Космос Детейлинг — Поиск СПб;Полировка кузова;"""полировка кузова стоимость""";фразовое;Санкт-Петербург;63;polirovka-keramika.html
Космос Детейлинг — Поиск СПб;Полировка кузова;"""полировка царапин на кузове автомобиля спб""";фразовое;Санкт-Петербург;102;polirovka-keramika.html
Космос Детейлинг — Поиск СПб;Полировка кузова;"""сколько стоит полировка авто""";фразовое;Санкт-Петербург;49;polirovka-keramika.html
Космос Детейлинг — Поиск СПб;Полировка кузова;"""сколько стоит полировка кузова автомобиля спб""";фразовое;Санкт-Петербург;45;polirovka-keramika.html
Космос Детейлинг — Поиск СПб;Полировка кузова;"""сколько стоит полировка кузова в спб""";фразовое;Санкт-Петербург;45;polirovka-keramika.html
Космос Детейлинг — Поиск СПб;Полировка кузова;"""полировка авто в спб цены""";фразовое;Санкт-Петербург;63;polirovka-keramika.html
Космос Детейлинг — Поиск СПб;Полировка кузова;"""сколько стоит полировка кузова""";фразовое;Санкт-Петербург;47;polirovka-keramika.html
Космос Детейлинг — Поиск СПб;Полировка кузова;"""сколько стоит полировка кузова автомобиля""";фразовое;Санкт-Петербург;40;polirovka-keramika.html
Космос Детейлинг — Поиск СПб;Полировка кузова;"""стоимость полировки кузова автомобиля""";фразовое;Санкт-Петербург;66;polirovka-keramika.html
Космос Детейлинг — Поиск СПб;Полировка кузова;"""стоимость полировки авто""";фразовое;Санкт-Петербург;11;polirovka-keramika.html
Космос Детейлинг — Поиск СПб;Полировка кузова;"""полная полировка кузова автомобиля цена""";фразовое;Санкт-Петербург;60;polirovka-keramika.html
Космос Детейлинг — Поиск СПб;Полировка кузова;"""полировка царапин на кузове спб""";фразовое;Санкт-Петербург;100;polirovka-keramika.html
Космос Детейлинг — Поиск СПб;Полировка кузова;"""сколько стоит полировка кузова автомобиля цена""";фразовое;Санкт-Петербург;42;polirovka-keramika.html
Космос Детейлинг — Поиск СПб;Полировка кузова;"""сколько стоит полировка кузова цена""";фразовое;Санкт-Петербург;42;polirovka-keramika.html
Космос Детейлинг — Поиск СПб;Полировка кузова;"""полировка стекол авто спб""";фразовое;Санкт-Петербург;70;polirovka-keramika.html
Космос Детейлинг — Поиск СПб;Полировка кузова;"""полировка элемента кузова цена""";фразовое;Санкт-Петербург;75;polirovka-keramika.html
Космос Детейлинг — Поиск СПб;Полировка кузова;"""полировка кузова царапин стоимость""";фразовое;Санкт-Петербург;77;polirovka-keramika.html
Космос Детейлинг — Поиск СПб;Полировка кузова;"""полировка царапин на кузове автомобиля цена спб""";фразовое;Санкт-Петербург;137;polirovka-keramika.html
Космос Детейлинг — Поиск СПб;Полировка кузова;"""цена глубокой полировки кузова""";фразовое;Санкт-Петербург;49;polirovka-keramika.html
Космос Детейлинг — Поиск СПб;Полировка кузова;"""полировка кузова авто цена""";фразовое;Санкт-Петербург;31;polirovka-keramika.html
Космос Детейлинг — Поиск СПб;Полировка кузова;"""полировка элемента кузова цена в спб""";фразовое;Санкт-Петербург;58;polirovka-keramika.html
Космос Детейлинг — Поиск СПб;Полировка кузова;"""полировка царапин на кузове автомобиля цена""";фразовое;Санкт-Петербург;137;polirovka-keramika.html
Космос Детейлинг — Поиск СПб;Полировка кузова;"""полная полировка кузова цена""";фразовое;Санкт-Петербург;60;polirovka-keramika.html
Космос Детейлинг — Поиск СПб;Керамика / защита;"""керамика авто спб""";фразовое;Санкт-Петербург;219;polirovka-keramika.html
Космос Детейлинг — Поиск СПб;Керамика / защита;"""керамика на авто спб""";фразовое;Санкт-Петербург;372;polirovka-keramika.html
Космос Детейлинг — Поиск СПб;Керамика / защита;"""керамическое покрытие авто""";фразовое;Санкт-Петербург;114;polirovka-keramika.html
Космос Детейлинг — Поиск СПб;Керамика / защита;"""нанесение керамики на авто""";фразовое;Санкт-Петербург;100;polirovka-keramika.html
Космос Детейлинг — Поиск СПб;Керамика / защита;"""жидкое стекло для авто""";фразовое;Санкт-Петербург;140;polirovka-keramika.html
Космос Детейлинг — Поиск СПб;Керамика / защита;"""полировка и керамика авто спб""";фразовое;Санкт-Петербург;35;polirovka-keramika.html
Космос Детейлинг — Поиск СПб;Керамика / защита;"""керамическое покрытие авто в спб""";фразовое;Санкт-Петербург;472;polirovka-keramika.html
Космос Детейлинг — Поиск СПб;Керамика / защита;"""жидкое стекло на авто цена""";фразовое;Санкт-Петербург;2;polirovka-keramika.html
Космос Детейлинг — Поиск СПб;Керамика / защита;"""полировка и керамика авто цена""";фразовое;Санкт-Петербург;10;polirovka-keramika.html
Космос Детейлинг — Поиск СПб;Керамика / защита;"""полировка кузова автомобиля керамика цена""";фразовое;Санкт-Петербург;63;polirovka-keramika.html
Космос Детейлинг — Поиск СПб;Керамика / защита;"""полировка кузова керамикой цена""";фразовое;Санкт-Петербург;63;polirovka-keramika.html
Космос Детейлинг — Поиск СПб;Керамика / защита;"""нанокерамика для автомобиля""";фразовое;Санкт-Петербург;24;polirovka-keramika.html
Космос Детейлинг — Поиск СПб;Керамика / защита;"""керамическое покрытие кузова цена""";фразовое;Санкт-Петербург;85;polirovka-keramika.html
Космос Детейлинг — Поиск СПб;Тонировка;"""тонировка авто в спб""";фразовое;Санкт-Петербург;146;tonirovka-optika.html
Космос Детейлинг — Поиск СПб;Тонировка;"""тонировка авто""";фразовое;Санкт-Петербург;142;tonirovka-optika.html
Космос Детейлинг — Поиск СПб;Тонировка;"""тонировка стекол""";фразовое;Санкт-Петербург;117;tonirovka-optika.html
Космос Детейлинг — Поиск СПб;Тонировка;"""тонировка стекол автомобиля спб""";фразовое;Санкт-Петербург;165;tonirovka-optika.html
Космос Детейлинг — Поиск СПб;Тонировка;"""тонировка стекол автомобиля""";фразовое;Санкт-Петербург;111;tonirovka-optika.html
Космос Детейлинг — Поиск СПб;Тонировка;"""тонировка авто в спб цена""";фразовое;Санкт-Петербург;107;tonirovka-optika.html
Космос Детейлинг — Поиск СПб;Тонировка;"""тонировка передних стекол""";фразовое;Санкт-Петербург;65;tonirovka-optika.html
Космос Детейлинг — Поиск СПб;Тонировка;"""тонировка заднего стекла""";фразовое;Санкт-Петербург;82;tonirovka-optika.html
Космос Детейлинг — Поиск СПб;Тонировка;"""тонировка авто цена""";фразовое;Санкт-Петербург;106;tonirovka-optika.html
Космос Детейлинг — Поиск СПб;Тонировка;"""тонировка стекол спб""";фразовое;Санкт-Петербург;125;tonirovka-optika.html
Космос Детейлинг — Поиск СПб;Тонировка;"""тонировка стекол цена""";фразовое;Санкт-Петербург;69;tonirovka-optika.html
Космос Детейлинг — Поиск СПб;Тонировка;"""тонировка заднего стекла спб""";фразовое;Санкт-Петербург;83;tonirovka-optika.html
Космос Детейлинг — Поиск СПб;Тонировка;"""тонировка стекол авто спб""";фразовое;Санкт-Петербург;113;tonirovka-optika.html
Космос Детейлинг — Поиск СПб;Тонировка;"""тонировка стекол спб цены""";фразовое;Санкт-Петербург;75;tonirovka-optika.html
Космос Детейлинг — Поиск СПб;Тонировка;"""тонировка стекол стоимость""";фразовое;Санкт-Петербург;65;tonirovka-optika.html
Космос Детейлинг — Поиск СПб;Тонировка;"""сколько стоит тонировка стекол""";фразовое;Санкт-Петербург;39;tonirovka-optika.html
Космос Детейлинг — Поиск СПб;Тонировка;"""сколько стоит тонировка задних стекол""";фразовое;Санкт-Петербург;72;tonirovka-optika.html
Космос Детейлинг — Поиск СПб;Тонировка;"""тонировка стекол автомобиля цена""";фразовое;Санкт-Петербург;57;tonirovka-optika.html
Космос Детейлинг — Поиск СПб;Тонировка;"""атермальная тонировка авто спб""";фразовое;Санкт-Петербург;43;tonirovka-optika.html
Космос Детейлинг — Поиск СПб;Тонировка;"""цена тонировки задних стекол автомобиля""";фразовое;Санкт-Петербург;56;tonirovka-optika.html
Космос Детейлинг — Поиск СПб;Тонировка;"""сделать тонировку стекол автомобиля в спб""";фразовое;Санкт-Петербург;148;tonirovka-optika.html
Космос Детейлинг — Поиск СПб;Тонировка;"""тонировка авто санкт петербург""";фразовое;Санкт-Петербург;163;tonirovka-optika.html
Космос Детейлинг — Поиск СПб;Тонировка;"""тонировка задних стекол цена""";фразовое;Санкт-Петербург;47;tonirovka-optika.html
Космос Детейлинг — Поиск СПб;Тонировка;"""тонировка стекол автомобиля цена в спб""";фразовое;Санкт-Петербург;402;tonirovka-optika.html
Космос Детейлинг — Поиск СПб;Тонировка;"""тонировка авто рядом со мной""";фразовое;Санкт-Петербург;62;tonirovka-optika.html
Космос Детейлинг — Поиск СПб;Тонировка;"""стоимость тонировки стекол автомобиля цена""";фразовое;Санкт-Петербург;30;tonirovka-optika.html
Космос Детейлинг — Поиск СПб;Тонировка;"""тонировка стекол в санкт петербурге""";фразовое;Санкт-Петербург;118;tonirovka-optika.html
Космос Детейлинг — Поиск СПб;Тонировка;"""стоимость тонировки заднего стекла""";фразовое;Санкт-Петербург;68;tonirovka-optika.html
Космос Детейлинг — Поиск СПб;Тонировка;"""тонировка авто рядом""";фразовое;Санкт-Петербург;145;tonirovka-optika.html
Космос Детейлинг — Поиск СПб;Тонировка;"""сделать тонировку стекол автомобиля""";фразовое;Санкт-Петербург;129;tonirovka-optika.html
Космос Детейлинг — Поиск СПб;Тонировка;"""стоимость тонировки стекол автомобиля""";фразовое;Санкт-Петербург;80;tonirovka-optika.html
Космос Детейлинг — Поиск СПб;Тонировка;"""тонировка авто в спб рядом""";фразовое;Санкт-Петербург;148;tonirovka-optika.html
Космос Детейлинг — Поиск СПб;Тонировка;"""тонировка авто в спб рядом со мной""";фразовое;Санкт-Петербург;355;tonirovka-optika.html
Космос Детейлинг — Поиск СПб;Оптика / фары;"""полировка фар""";фразовое;Санкт-Петербург;107;tonirovka-optika.html
Космос Детейлинг — Поиск СПб;Оптика / фары;"""полировка фар в спб""";фразовое;Санкт-Петербург;113;tonirovka-optika.html
Космос Детейлинг — Поиск СПб;Оптика / фары;"""полировка фар в спб цена""";фразовое;Санкт-Петербург;98;tonirovka-optika.html
Космос Детейлинг — Поиск СПб;Оптика / фары;"""тонировка лобового стекла""";фразовое;Санкт-Петербург;43;tonirovka-optika.html
Космос Детейлинг — Поиск СПб;Оптика / фары;"""полировка фар автомобиля""";фразовое;Санкт-Петербург;98;tonirovka-optika.html
Космос Детейлинг — Поиск СПб;Оптика / фары;"""полировка фар цена""";фразовое;Санкт-Петербург;95;tonirovka-optika.html
Космос Детейлинг — Поиск СПб;Оптика / фары;"""бронирование лобового стекла""";фразовое;Санкт-Петербург;150;tonirovka-optika.html
Космос Детейлинг — Поиск СПб;Оптика / фары;"""бронирование лобового стекла в спб""";фразовое;Санкт-Петербург;222;tonirovka-optika.html
Космос Детейлинг — Поиск СПб;Оптика / фары;"""бронирование фар""";фразовое;Санкт-Петербург;332;tonirovka-optika.html
Космос Детейлинг — Поиск СПб;Оптика / фары;"""бронирование фар пленкой в спб""";фразовое;Санкт-Петербург;336;tonirovka-optika.html
Космос Детейлинг — Поиск СПб;Оптика / фары;"""бронирование фар пленкой""";фразовое;Санкт-Петербург;365;tonirovka-optika.html
Космос Детейлинг — Поиск СПб;Оптика / фары;"""бронирование фар спб""";фразовое;Санкт-Петербург;348;tonirovka-optika.html
Космос Детейлинг — Поиск СПб;Оптика / фары;"""полировка фар санкт петербург""";фразовое;Санкт-Петербург;47;tonirovka-optika.html
Космос Детейлинг — Поиск СПб;Оптика / фары;"""сколько стоит полировка фар""";фразовое;Санкт-Петербург;32;tonirovka-optika.html
Космос Детейлинг — Поиск СПб;Оптика / фары;"""полировка и бронирование фар в спб""";фразовое;Санкт-Петербург;286;tonirovka-optika.html
Космос Детейлинг — Поиск СПб;Оптика / фары;"""полировка фар стоимость""";фразовое;Санкт-Петербург;26;tonirovka-optika.html
Космос Детейлинг — Поиск СПб;Оптика / фары;"""полировка фар и оклейка пленкой цена""";фразовое;Санкт-Петербург;58;tonirovka-optika.html
Космос Детейлинг — Поиск СПб;Оптика / фары;"""бронирование лобового стекла в спб цена""";фразовое;Санкт-Петербург;22;tonirovka-optika.html
Космос Детейлинг — Поиск СПб;Оптика / фары;"""полировка фар автомобиля цена в спб""";фразовое;Санкт-Петербург;56;tonirovka-optika.html
Космос Детейлинг — Поиск СПб;Оптика / фары;"""бронирование фар цена""";фразовое;Санкт-Петербург;124;tonirovka-optika.html
Космос Детейлинг — Поиск СПб;Оптика / фары;"""бронирование лобового стекла цена""";фразовое;Санкт-Петербург;95;tonirovka-optika.html
Космос Детейлинг — Поиск СПб;Оптика / фары;"""бронирование фар цена спб""";фразовое;Санкт-Петербург;116;tonirovka-optika.html
Космос Детейлинг — Поиск СПб;Оптика / фары;"""полировка фар автомобиля в спб""";фразовое;Санкт-Петербург;47;tonirovka-optika.html
Космос Детейлинг — Поиск СПб;Оптика / фары;"""бронирование лобового стекла пленкой цены""";фразовое;Санкт-Петербург;86;tonirovka-optika.html
Космос Детейлинг — Поиск СПб;Оптика / фары;"""полировка лобового стекла авто в спб""";фразовое;Санкт-Петербург;14;tonirovka-optika.html
Космос Детейлинг — Поиск СПб;Оптика / фары;"""сделать полировку фар""";фразовое;Санкт-Петербург;19;tonirovka-optika.html
Космос Детейлинг — Поиск СПб;Оптика / фары;"""полировка фар рядом""";фразовое;Санкт-Петербург;170;tonirovka-optika.html
Космос Детейлинг — Поиск СПб;Оптика / фары;"""бронирование фар пленкой цена""";фразовое;Санкт-Петербург;117;tonirovka-optika.html
Космос Детейлинг — Поиск СПб;Оптика / фары;"""полировка фар пленка цена""";фразовое;Санкт-Петербург;58;tonirovka-optika.html
Космос Детейлинг — Поиск СПб;Оптика / фары;"""полировка и оклейка фар цена""";фразовое;Санкт-Петербург;58;tonirovka-optika.html
Космос Детейлинг — Поиск СПб;Оптика / фары;"""полировка фар автомобиля цена""";фразовое;Санкт-Петербург;56;tonirovka-optika.html
Космос Детейлинг — Поиск СПб;Оптика / фары;"""полировка фар рядом со мной""";фразовое;Санкт-Петербург;170;tonirovka-optika.html
Космос Детейлинг — Поиск СПб;Химчистка и кожа;"""химчистка салона автомобиля""";фразовое;Санкт-Петербург;64;detailing-salona.html
Космос Детейлинг — Поиск СПб;Химчистка и кожа;"""химчистка салона""";фразовое;Санкт-Петербург;63;detailing-salona.html
Космос Детейлинг — Поиск СПб;Химчистка и кожа;"""химчистка салона автомобиля цена в спб""";фразовое;Санкт-Петербург;64;detailing-salona.html
Космос Детейлинг — Поиск СПб;Химчистка и кожа;"""химчистка салона автомобиля спб""";фразовое;Санкт-Петербург;66;detailing-salona.html
Космос Детейлинг — Поиск СПб;Химчистка и кожа;"""химчистка авто""";фразовое;Санкт-Петербург;87;detailing-salona.html
Космос Детейлинг — Поиск СПб;Химчистка и кожа;"""химчистка авто спб""";фразовое;Санкт-Петербург;85;detailing-salona.html
Космос Детейлинг — Поиск СПб;Химчистка и кожа;"""химчистка салона авто""";фразовое;Санкт-Петербург;63;detailing-salona.html
Космос Детейлинг — Поиск СПб;Химчистка и кожа;"""химчистка салона спб цена""";фразовое;Санкт-Петербург;66;detailing-salona.html
Космос Детейлинг — Поиск СПб;Химчистка и кожа;"""химчистка салона спб""";фразовое;Санкт-Петербург;63;detailing-salona.html
Космос Детейлинг — Поиск СПб;Химчистка и кожа;"""спб реставрация кожи""";фразовое;Санкт-Петербург;152;detailing-salona.html
Космос Детейлинг — Поиск СПб;Химчистка и кожа;"""химчистка салона авто спб""";фразовое;Санкт-Петербург;69;detailing-salona.html
Космос Детейлинг — Поиск СПб;Химчистка и кожа;"""химчистка салона автомобиля спб цены полная""";фразовое;Санкт-Петербург;87;detailing-salona.html
Космос Детейлинг — Поиск СПб;Химчистка и кожа;"""химчистка салона автомобиля цена""";фразовое;Санкт-Петербург;64;detailing-salona.html
Космос Детейлинг — Поиск СПб;Химчистка и кожа;"""химчистка авто спб цены""";фразовое;Санкт-Петербург;43;detailing-salona.html
Космос Детейлинг — Поиск СПб;Химчистка и кожа;"""стоимость химчистки салона автомобиля""";фразовое;Санкт-Петербург;66;detailing-salona.html
Космос Детейлинг — Поиск СПб;Химчистка и кожа;"""полная химчистка салона""";фразовое;Санкт-Петербург;85;detailing-salona.html
Космос Детейлинг — Поиск СПб;Химчистка и кожа;"""сколько стоит химчистка салона автомобиля цена""";фразовое;Санкт-Петербург;18;detailing-salona.html
Космос Детейлинг — Поиск СПб;Химчистка и кожа;"""химчистка салона цена""";фразовое;Санкт-Петербург;65;detailing-salona.html
Космос Детейлинг — Поиск СПб;Химчистка и кожа;"""сколько стоит химчистка салона""";фразовое;Санкт-Петербург;35;detailing-salona.html
Космос Детейлинг — Поиск СПб;Химчистка и кожа;"""сделать химчистку салона автомобиля""";фразовое;Санкт-Петербург;79;detailing-salona.html
Космос Детейлинг — Поиск СПб;Химчистка и кожа;"""химчистка салона автомобиля санкт петербург""";фразовое;Санкт-Петербург;85;detailing-salona.html
Космос Детейлинг — Поиск СПб;Химчистка и кожа;"""сколько стоит химчистка салона автомобиля""";фразовое;Санкт-Петербург;29;detailing-salona.html
Космос Детейлинг — Поиск СПб;Химчистка и кожа;"""химчистка салона стоимость""";фразовое;Санкт-Петербург;54;detailing-salona.html
Космос Детейлинг — Поиск СПб;Химчистка и кожа;"""химчистка авто цена""";фразовое;Санкт-Петербург;49;detailing-salona.html
Космос Детейлинг — Поиск СПб;Химчистка и кожа;"""химчистка салона санкт петербург""";фразовое;Санкт-Петербург;72;detailing-salona.html
Космос Детейлинг — Поиск СПб;Химчистка и кожа;"""сколько стоит химчистка салона спб""";фразовое;Санкт-Петербург;30;detailing-salona.html
Космос Детейлинг — Поиск СПб;Химчистка и кожа;"""полная химчистка салона автомобиля цены""";фразовое;Санкт-Петербург;82;detailing-salona.html
Космос Детейлинг — Поиск СПб;Химчистка и кожа;"""сколько стоит химчистка салона автомобиля в спб""";фразовое;Санкт-Петербург;25;detailing-salona.html
Космос Детейлинг — Поиск СПб;Химчистка и кожа;"""химчистка салона рядом""";фразовое;Санкт-Петербург;105;detailing-salona.html
Космос Детейлинг — Поиск СПб;Химчистка и кожа;"""полная химчистка салона цена""";фразовое;Санкт-Петербург;81;detailing-salona.html
Космос Детейлинг — Поиск СПб;Химчистка и кожа;"""полная химчистка салона спб""";фразовое;Санкт-Петербург;83;detailing-salona.html
Космос Детейлинг — Поиск СПб;Химчистка и кожа;"""химчистка автомобиля спб полная салона""";фразовое;Санкт-Петербург;87;detailing-salona.html
Космос Детейлинг — Поиск СПб;Химчистка и кожа;"""полная химчистка салона цена спб""";фразовое;Санкт-Петербург;85;detailing-salona.html
Космос Детейлинг — Поиск СПб;Предпродажная подготовка;"""предпродажная подготовка автомобиля""";фразовое;Санкт-Петербург;42;komfort.html
Космос Детейлинг — Поиск СПб;Предпродажная подготовка;"""предпродажная подготовка авто спб""";фразовое;Санкт-Петербург;32;komfort.html
Космос Детейлинг — Поиск СПб;Предпродажная подготовка;"""предпродажная подготовка авто""";фразовое;Санкт-Петербург;170;komfort.html
Космос Детейлинг — Поиск СПб;Предпродажная подготовка;"""предпродажная химчистка салона""";фразовое;Санкт-Петербург;61;komfort.html
